{"cameraMode":{"drawMode":0,"name":"Shaded","section":"Shading Mode"},"sceneLighting":true,"audioPlay":false,"sceneViewState":{"m_AlwaysRefresh":false,"showFog":true,"showSkybox":true,"showFlares":true,"showImageEffects":true,"showParticleSystems":true,"showVisualEffectGraphs":true,"m_FxEnabled":true},"in2DMode":false,"pivot":{"x":64.71818542480469,"y":0.001676397630944848,"z":-12.862845420837403},"rotation":{"x":-0.01329809334129095,"y":0.963888943195343,"z":-0.05069666728377342,"w":-0.2618163228034973},"size":7.284050941467285,"orthographic":false}